recipe_tag	coefficient
alfredo	-0.07319487008542036
almond	0.1451888758557356
american	-0.08914503776695848
appetizer	0.08204070720446774
appetizers	-0.06733439281247205
apple	0.04339374999964123
asiancuisine	0.014463858412330017
asparagus	-0.06681170995955354
avocado	0.02298428619735722
bacon	0.03598393489138724
baked	-0.05106354652818261
bakeddishes	0.09803819744167801
bakery	-0.0241808666621917
baking	0.18425441836210235
beans	-0.027817025233231086
beef	-0.03563187646408083
bellpeppers	0.10648122367626393
berries	-0.16925885675742347
blackbeans	0.10648122367626393
blackvinegar	0.0052607168552780414
blueberry	-0.07613548005028992
boiledeggs	0.015241161403564511
bokchoy	0.015241161403564511
braided	0.018029234416257624
bread	-0.06755925520712149
breaded	0.03251662131383278
breakfast	0.06629156702304279
breakfastpastry	0.02202256807159533
brioche	-0.08777772820809722
broiling	0.05039259418025376
brownies	0.07393653067075692
brownsugar	0.012224965652436005
brunch	0.03631417733894671
burger	0.004632809025861324
burritos	0.10104651565555323
buttery	0.15210235265793337
cake	-0.011289996119978885
carrots	0.015241161403564511
casserole	0.1672599648323795
celebration	0.01401878328738481
cheese	-0.012641484854226975
cheesy	0.061326879057673665
cherry	-0.06712841458533203
chicken	-0.03441065037840537
chickpeas	0.004632809025861324
chilioil	0.015656558821785196
chilipowder	0.10648122367626393
chinese	0.02053899268728712
chinesecookingwine	0.010395841966507157
chinesecuisine	-0.02264140132878594
chocolate	-0.1345657815043504
chocolatechip	0.14270465249557956
chocolatecroissant	0.02202256807159533
christmas	-0.015758632827516175
cilantro	0.031299510370292764
cinnamon	-0.07657801562361713
citrus	0.033787350252908584
classic	-0.055925193466529625
cloves	-0.039514177341227724
cobbler	-0.050696830594578864
cocoapowder	0.1610331960440831
coffee	-0.017220380011742472
cold	0.02053899268728712
coldnoodles	-0.03228246408064463
comfortfood	0.04582176644567329
condiment	-0.06327299267844576
cookies	-0.0005781245934403656
corn	0.01401878328738481
cranberry	-0.033069036335710324
creamcheese	0.010191634436782438
creamy	-0.022345306738807823
crisp	0.08795431148730919
crispy	0.10354296196814711
croissant	-0.017220380011742472
croissants	-0.05231069092298905
crumble	-0.06667858726081577
crust	-0.039514177341227724
cucumber	-0.03228246408064463
cumin	0.10648122367626393
cupcakes	0.015099437909595743
custard	-0.09359656746390776
custardy	0.012570455558162323
customizable	-0.06566241898897782
danish	0.010191634436782438
dashibroth	0.01625601722768493
dates	0.07080701201521543
decadent	0.014439440818655488
dessert	0.013747957673765882
dinner	0.05432403225616153
dip	-0.04050796222412259
donuts	0.08723754251790398
easterneuropean	0.018029234416257624
easy	0.03306615514432992
easydinner	0.013193672988645891
egg	-0.05290289619272002
eggs	0.1128748072382274
eggwhites	0.023896270231956385
fajitaseasoning	-0.09496013169043918
fall	0.053372558180238804
familyfriendly	0.18045363782102541
fastfood	0.03251662131383278
fetacheese	0.1358512875272758
filling	-0.02390884229097861
fingerfood	0.11882164528775112
flaky	0.017546304781302133
french	0.1994655689023853
frenchcuisine	-0.1476468293359408
frenchpastry	-0.019378678602338842
fresh	-0.024619361532649032
fried	0.12038447763185942
friedfood	0.07728596039573993
friedrice	0.04175357669799921
fries	-0.04922472557649413
frosting	0.0038094417896168582
fruit	-0.019993088193934583
fudgy	-0.0035897935976021344
gamedayfood	-0.05501355836955862
ganache	-0.17232319216406197
garlic	-0.0006895157373004307
ginger	0.010395841966507157
glutenfree	-0.039723321366497935
goldenbrown	0.06950727693580114
greenbeans	0.04909079618499476
greenonion	-0.011085357703807587
greenonions	0.11628767705911774
grill	0.004632809025861324
grilled	-0.04543325431100608
grilling	0.05039259418025376
groundbeef	0.033060731838852886
gruyere	-0.06517838053401655
gruyerecheese	-0.0954139978562972
guacamole	-0.016295933247406334
hamandcheese	0.010191634436782438
hamburger	-0.030953788969724488
handheld	-0.06566241898897782
handtorndough	-0.014765291345745729
hawaii	-0.030953788969724488
hawaiian	-0.006777005471958524
healthy	0.0056742144945746975
herbs	-0.05730368891484142
holiday	-0.0017398495401313649
homemade	0.08728990009307783
indulgent	0.015099437909595743
italian	0.12482863759572899
italiancuisine	-0.07319487008542036
jalapenos	-0.04922472557649413
japanesecuisine	0.017176596932909474
juicy	-0.0477953046334368
ketchup	-0.030953788969724488
keto	-0.06106370445732503
kidfriendly	0.11882164528775112
koreancuisine	-0.014765291345745729
laminateddough	-0.0241808666621917
lasagna	-0.14071237319029975
lattice	-0.039514177341227724
lettuce	0.03680595570104818
lime	0.02090366840378561
loadednachos	-0.005788832793064489
lowcarb	-0.06106370445732503
lunch	0.05432403225616153
macandcheese	-0.034915762296970146
maple	0.08723754251790398
maplesyrup	-0.08695119737048959
masa	0.01401878328738481
mayonnaise	-0.030953788969724488
meal	0.03251662131383278
mealprep	0.03163948644942944
meat	-0.1168241326357584
meatsauce	0.03980970554472314
mexican	0.06585237640290457
mexicancuisine	0.04218102095750558
mexicanfood	-0.005788832793064489
middleeastern	-0.040634900799201686
miso	0.015241161403564511
muffins	0.03163948644942944
mushroom	-0.2003203881840909
mushrooms	0.015241161403564511
nachos	0.014130333256303737
noodles	0.011479127844225194
noodlesoup	0.015241161403564511
nori	-0.006777005471958524
numbing	-0.017506276217556828
nutmeg	-0.02728921168879172
oat	0.01820299827200581
oats	0.029535369160630154
onion	0.04987835270237772
onions	0.011521091985824752
onthego	-0.006777005471958524
oven	0.02202256807159533
oysters	-0.013113018201027967
pacificislands	-0.030953788969724488
pancakes	-0.08695119737048959
parmesan	-0.06517838053401655
partyfood	0.0036065485942427394
pasta	-0.023091700331384635
pastasauce	0.03980970554472314
pastry	0.027209458039318596
pastrycrust	-0.10798445341445953
peach	0.014576446316872521
peanutbutter	-0.0832872235837093
peanutdressing	0.035660964789167054
peanuts	0.0052607168552780414
peppers	-0.09496013169043918
pickledvegetables	0.04821836593830954
pie	-0.1286592151081862
piecrust	0.1358512875272758
pork	0.0052607168552780414
porkbelly	0.015241161403564511
potatoes	0.10104651565555323
protein	0.03163948644942944
puffpastry	0.02202256807159533
quiche	-0.05044741611603468
quick	-0.1556474527213092
ramen	0.015241161403564511
refreshing	0.03551340178019996
relish	0.033787350252908584
rhubarb	0.03551340178019996
rice	-0.006777005471958524
ricevinegar	-0.011085357703807587
rich	0.014439440818655488
ricotta	0.1453733406373738
salad	0.03310877355687734
salsa	0.014207856080645457
salty	-0.034915762296970146
sandwich	-0.05290289619272002
sauce	-0.04954598308042476
savory	0.04205905452101001
scallions	0.015656558821785196
scallops	-0.014479465341281592
seafood	0.008034819292198472
sesame	0.02053899268728712
sesameoil	-0.011085357703807587
sesameseeds	-0.011085357703807587
shrimp	0.05039259418025376
sichuancuisine	-0.012245559362278785
sichuanpeppercorns	0.015656558821785196
sidedish	-0.07769476753152643
sidedishes	0.04909079618499476
skewers	0.05039259418025376
smoky	-0.04095749023240774
snack	-0.04358474043724374
snacks	-0.00013392939149936556
sobanoodles	0.014463858412330017
soft	0.06950727693580114
souffle	0.18671666248120997
soup	-0.029085873044085695
sourcream	-0.039098165757598065
southern	-0.0727134537762053
southerncuisine	-0.013113018201027967
soysauce	0.06156593921954133
spam	-0.037730794441683015
spices	-0.05730368891484142
spicy	0.021851782030152714
spicyfood	0.09039897859676789
spinach	0.09186385324458143
spring	-0.09503004134107476
steamed	0.01401878328738481
stirfry	-0.027902118184063983
strawberry	0.03551340178019996
streetfood	-0.011660216500609576
stuffedpeppers	0.09039897859676789
summer	0.07409084967482388
sushi	-0.006777005471958524
sweet	-0.03580047568124079
sweetandsalty	-0.14328277708901993
sweetandsavory	0.00028634514741439354
sweettreat	0.004802188059852858
taco	0.03415225134631924
tacos	0.02897468429859211
tangy	0.019754768952683785
tart	-0.04954598308042476
tea	-0.017220380011742472
tempura	0.01625601722768493
tender	0.10202389824963393
texmex	-0.09496013169043918
thanksgiving	-0.015758632827516175
toast	-0.05290289619272002
tomato	0.002360266381677519
tomatoes	-0.06286227451259144
tomatosauce	0.08794291161375092
tortilla	0.10648122367626393
tortillabowl	0.03415225134631924
tortillachips	-0.036704442578608956
tortillas	0.006086383965114045
traditional	0.01401878328738481
twisted	0.018029234416257624
udonnoodles	0.01625601722768493
vanilla	0.023896270231956385
vanillaicecream	0.029535369160630154
vegan	-0.10189085007483745
vegetables	-0.06804175598882128
vegetarian	0.03438733369594871
warm	0.02202256807159533
whippedcream	0.029535369160630154
winter	0.053372558180238804
yeastdough	0.018029234416257624
