recipe_slug	rating
falafel	0.25
spamburger	0.25
bacon-fried-rice	0.75
chicken-fingers	1.0
apple-crisp	0.5
cranberry-apple-crisp	0.5
bacon-chocolate-chip-cookies	0.0
sujebi	0.25
pasta-primavera	0.25
ramen	0.75
brownies	0.25
bacon-wrapped-scallops	0.25
bacon-egg-muffins	0.75
breakfast-burritos	1.0
bolognese-sauce	0.75
croissants	0.5
bacon-souffle	1.0
souffle	0.5
chocolate-souffle	0.5
butter-croissants	1.0
pickled-green-beans	0.5
fried-oysters	0.5
peanut-butter-brownies	0.5
almond-chip-cookies	1.0
guacamole	0.5
brioche-bread	1.0
brioche-bread-with-chocolate	0.25
asparagus-quiche	0.25
asparagus-burger	0.5
ma-la-chicken	0.5
cold-noodles-with-tomatoes	0.25
tamales	0.5
enchiladas	0.75
tacos	0.5
burritos	0.25
peanut-butter-cupcakes	0.5
pickled-asparagus	0.25
chocolate-peanut-butter-cake	0.0
udon	0.25
vegetable-lasagna	0.75
maple-bacon-donuts	0.75
maple-bacon-pancakes	0.25
spinach-and-ricotta-stuffed-shells	0.75
quesadillas	1.0
pico-de-gallo	0.25
nachos	0.25
cold-soba-noodles-with-tomato-and-cucumber	0.25
fajitas	0.0
loaded-nachos	0.25
lasagna	0.25
chicken-nuggets	0.75
pain-au-chocolat	0.5
nacho-dip	0.25
nacho-salad	0.25
nacho-casserole	1.0
nacho-fries	0.0
tempura-udon	0.5
peach-crisp	0.75
apple-pie	0.25
blueberry-crisp	0.75
berry-crumble	0.75
strawberry-rhubarb-crisp	0.75
peach-cobbler	0.25
cranberry-sauce	0.0
cherry-cobbler	0.5
apple-crumble	0.5
chocolate-croissants	0.5
french-toast	0.25
chocolate-babka	0.5
cinnamon-babka	0.25
blueberry-crumble	0.25
spam-musubi	0.25
taco-salad	0.5
chiles-rellenos	0.75
almond-croissants	1.0
cranberry-relish	0.25
ma-la-beef	0.25
chocolate-cake	0.75
spinach-quiche	0.5
mushroom-quiche	0.25
quiche-lorraine	0.0
croissant-aux-amandes	0.5
danishes	0.5
spinach-and-feta-quiche	1.0
cold-sesame-noodles	0.5
soba-noodle-salad-with-peanut-dressing	0.5
dan-dan-noodles	0.5
vanilla-souffle	0.75
bacon-wrapped-dates	0.5
cherry-pie	0.25
berry-crisp	0.0
bacon-and-egg-breakfast-sandwich	0.25
bacon-wrapped-shrimp-skewers	0.75
bacon-wrapped-chicken	0.25
bacon-wrapped-asparagus	0.0
bacon-mac-and-cheese	0.25
chicken-alfredo-lasagna	0.0
classic-beef-lasagna	0.75
vegetarian-mushroom-lasagna	0.0
spinach-and-ricotta-lasagna	0.75
