recipe_slug	score_bound	reward
apple-crumble	7.483314773547883	0.5
ma-la-chicken	7.2259221116059615	1.0
quesadillas	7.285068141563702	1.0
ramen	7.291870913525006	0.5
spamburger	7.032908633066089	0.75
bacon-fried-rice	7.023374820957201	0.75
pain-au-chocolat	7.0322224047929955	0.5
chocolate-babka	6.9967713053232625	0.25
nacho-fries	6.955795405092008	0.25
guacamole	6.72026230225898	0.0
cranberry-sauce	6.692806482121642	0.5
bacon-wrapped-chicken	6.512381625469904	0.5
mushroom-quiche	6.395896577171154	0.25
strawberry-rhubarb-crisp	6.374087699768551	0.0
dan-dan-noodles	6.337424476970962	0.25
cold-noodles-with-tomatoes	6.276917438974726	0.75
bacon-wrapped-asparagus	6.225578857664241	0.5
apple-pie	6.2084668219780434	0.75
tamales	6.180724902829105	0.5
asparagus-burger	6.176365240416532	0.25
brioche-bread	6.058108820094611	0.0
taco-salad	5.970824132596906	0.5
fajitas	5.834686320888592	0.75
chicken-nuggets	5.8047687521251685	1.0
apple-crisp	5.796345838563929	0.75
bacon-mac-and-cheese	5.7598085873123415	0.0
spinach-quiche	5.723964355991065	0.75
spam-musubi	5.718840136507722	0.0
tacos	5.5913011889075594	0.25
croissant-aux-amandes	5.545039500374318	0.75
sujebi	5.539316568127939	0.25
cranberry-apple-crisp	5.504219689918413	0.25
croissants	5.46571064698844	0.25
souffle	5.465322024418339	0.5
chocolate-peanut-butter-cake	5.3481321860892095	0.25
bacon-wrapped-shrimp-skewers	5.303102676791775	0.25
breakfast-burritos	5.278874024689375	0.5
nacho-salad	5.261702462386802	0.25
nachos	5.219857096503303	0.5
asparagus-quiche	5.195840885863925	0.75
quiche-lorraine	5.115728524139293	0.5
danishes	5.041047728484829	0.0
soba-noodle-salad-with-peanut-dressing	5.002627908229692	0.25
enchiladas	4.975107622305884	0.75
vanilla-souffle	4.914458934046551	0.25
cherry-pie	4.87741533370678	0.25
spinach-and-ricotta-lasagna	4.858537091596456	0.5
loaded-nachos	4.778603874965771	0.25
chicken-fingers	4.775246674192691	0.25
bacon-egg-muffins	4.756668984993675	1.0
ma-la-beef	4.7133960874895395	0.0
bacon-wrapped-scallops	4.698295526647553	0.5
brownies	4.677556392290516	0.25
bolognese-sauce	4.6181984370083615	0.5
chiles-rellenos	4.594668200340571	0.5
pickled-green-beans	4.571902797260599	0.75
tempura-udon	4.564927368122544	0.5
cold-sesame-noodles	4.5301400656111595	0.5
burritos	4.519797877564664	0.0
spinach-and-feta-quiche	4.504110837530812	0.75
bacon-and-egg-breakfast-sandwich	4.498898384250462	1.0
maple-bacon-donuts	4.521600137712144	1.0
peanut-butter-cupcakes	4.509448513676602	0.25
cranberry-relish	4.472356757038997	0.25
chicken-alfredo-lasagna	4.469601790068688	1.0
maple-bacon-pancakes	4.447505529556577	0.75
falafel	4.4424020707267635	1.0
cold-soba-noodles-with-tomato-and-cucumber	4.462689224437102	0.5
brioche-bread-with-chocolate	4.436197169724064	0.75
pico-de-gallo	4.366321996730997	0.75
peach-cobbler	4.357680232461856	0.25
pickled-asparagus	4.34016021871821	0.75
berry-crisp	4.300364344659687	0.0
almond-chip-cookies	4.258701336593531	0.75
udon	4.247019391966964	0.5
almond-croissants	4.2000379841702795	0.5
fried-oysters	4.164942260676511	0.75
classic-beef-lasagna	4.113714275709596	0.0
bacon-wrapped-dates	4.096724570739431	0.25
french-toast	3.9970435749376256	0.75
nacho-casserole	3.9285699308508937	0.25
nacho-dip	3.861407307618383	1.0
bacon-chocolate-chip-cookies	3.821313771249315	0.25
pasta-primavera	3.773067423223896	0.5
lasagna	3.6153528255559473	0.25
chocolate-croissants	3.5956927579585276	1.0
blueberry-crumble	3.5784162745072745	0.25
peach-crisp	3.5643566745451585	0.25
chocolate-cake	3.52308937417441	0.75
peanut-butter-brownies	3.3735153316235325	0.5
vegetarian-mushroom-lasagna	3.3356797817040613	0.5
cinnamon-babka	3.333291389654368	0.5
cherry-cobbler	3.258809478745296	0.75
butter-croissants	3.1941716500786503	0.75
bacon-souffle	3.1531874620863167	0.25
spinach-and-ricotta-stuffed-shells	3.0751482889035784	0.25
chocolate-souffle	2.8962516742704514	0.75
blueberry-crisp	2.892354545551173	0.75
quesadillas	2.810042108374952	1.0
ma-la-chicken	2.794773594699693	1.0
